% Model,rectangularwaveguide.mph
% Version,COMSOL 5.3.0.316
% Date,"Aug 9 2021, 15:53"
% Table,Probe Table 1 - 
% wvln (nm),lambda,Effective mode index (1)
1499.9999999999998,-5852897.465586799i,1.3972763446362
1499.9999999999998,-5853194.048920613i,1.3973471486916251
1499.9999999999998,-5868694.43592216i,1.4010475935084552
1499.9999999999998,-5868694.559964798i,1.4010476231214537
1499.9999999999998,3.318027248493857E-6-5877234.101759381i,1.4030862885540465+7.921206568948478E-13i
1499.9999999999998,-3.6849780653734156E-6-5877234.384093658i,1.4030863559563904-8.797237114649027E-13i
1499.9999999999998,8.366083321499259E-8-5878775.188344266i,1.4034541958756352+1.9972552724728754E-14i
1499.9999999999998,-5.49480849871651E-7-5880029.52786793i,1.4037536473789056-1.3117889009170904E-13i
1499.9999999999998,4.825813647228005E-6-5881175.9300962435i,1.4040273307510267+1.1520781446353591E-12i
1499.9999999999998,9.435825855909992E-7-5882594.240696207i,1.4043659274652742+2.2526374907625025E-13i
1501,-5848710.807642523i,1.3972077049116494
1501,-5849007.951198366i,1.397278690002098
1501,-5864513.5978795905i,1.400982858275273
1501,-5864513.722226996i,1.40098288798082
1501,1.9001968327969167E-6-5873064.2910692645i,1.4030255467924309+4.539410039154801E-13i
1501,-1.6602876826833472E-6-5873064.573126538i,1.4030256141735356-3.9662873048601345E-13i
1501,5.8131060403447754E-8-5874601.793937371i,1.403392843265841+1.3887020261670285E-14i
1501,-2.159022402258901E-7-5875858.607020707i,1.4036930853159992-5.15772250454099E-14i
1501,3.277829612597988E-6-5877005.558164936i,1.4039670822750863+7.830458609998343E-13i
1501,6.751078708738543E-7-5878426.697237945i,1.4043065804188422+1.6127757891514836E-13i
1502,-5844529.543464256i,1.3971390219161572
1502,-5844827.247888534i,1.3972101883744774
1502,-5860338.149433898i,1.4009180806270474
1502,-5860338.274085911i,1.4009181104252013
1502,9.69913548939681E-7-5868899.875826389i,1.4029647675244203+2.3185853660782376E-13i
1502,-6.365745852857505E-7-5868900.157605542i,1.4029648348839312-1.5217361583147177E-13i
1502,3.821454867850244E-8-5870433.788862383i,1.4033314505470444+9.135215549274741E-15i
1502,-3.519996423559379E-8-5871693.0787622295i,1.4036324847099992-8.414576954033321E-15i
1502,2.1492535308325518E-6-5872840.576968601i,1.4039067949876318+5.13780613749344E-13i
1502,4.6117664399699574E-7-5874264.548289884i,1.404247196363698+1.102446108849033E-13i
1502.9999999999998,-5840353.66228997i,1.3970702956506738
1502.9999999999998,-5840651.928229256i,1.397141643810062
1502.9999999999998,-5856168.079828937i,1.4008532605641453
1502.9999999999998,-5856168.204785394i,1.4008532904549642
1502.9999999999998,4.2094628881609205E-7-5864740.845269911i,1.4029039507520524+1.0069451101335603E-13i
1502.9999999999998,-1.6742686561971646E-7-5864741.126770518i,1.4029040180897787-4.0050160345852966E-14i
1502.9999999999998,2.3363341531016547E-8-5866271.162359585i,1.4032700177186326+5.588742111779392E-15i
1502.9999999999998,5.285471085846172E-8-5867532.9323352175i,1.4035718455624295+1.2643369014164983E-14i
1502.9999999999998,1.322901462797825E-6-5868680.975746065i,1.403846468888371+3.164510994738293E-13i
1502.9999999999998,2.8559474307409866E-7-5870107.783093549i,1.4041877753019973+6.831708406959129E-14i
1504,-5836183.153386237i,1.3970015261161437
1504,-5836481.981487268i,1.3970730563101446
1504,-5852003.378337176i,1.400788398086935
1504,-5852003.503597914i,1.400788428070477
1504,1.3931669875582695E-7-5860587.188667812i,1.402843096477412+3.334810365956879E-14i
1504,1.4876958611936305E-8-5860587.469889881i,1.4028431637932668+3.561083218024618E-15i
1504,1.2889661408557196E-8-5862113.903697872i,1.4032085447799894+3.0853858053489836E-15i
1504,8.359197476879012E-8-5863378.157010992i,1.4035111678748116+2.000933028554898E-14i
1504,7.201008199357977E-7-5864526.743764811i,1.4037861039770192+1.7236983795207158E-13i
1504,1.3800225061024761E-7-5865956.390919088i,1.4041283172358978+3.3033465476168155E-14i
1504.9999999999998,-5832018.006048136i,1.3969327133135072
1504.9999999999998,-5832317.396957812i,1.3970044258760133
1504.9999999999998,-5847844.0342596015i,1.4007234931957866
1504.9999999999998,-5847844.159824458i,1.4007235232721094
1504.9999999999998,2.5968853182344507E-8-5856438.895316731i,1.4027822047026162+6.220272382566646E-15i
1504.9999999999998,6.126373417585358E-8-5856439.176260524i,1.4027822719965743+1.4674391320678342E-14i
1504.9999999999998,6.119703509208446E-9-5857962.002174645i,1.4031470317304966+1.4658415009911042E-15i
1504.9999999999998,7.849956210136289E-8-5859228.742089374i,1.4034504516486639+1.8802857975825313E-14i
1504.9999999999998,2.9615015879711794E-7-5860377.870320866i,1.4037257002532975+7.093631131585183E-14i
1504.9999999999998,1.6861376145751347E-8-5861810.361065152i,1.404068822167554+4.038774898338279E-15i
1505.9999999999998,-5827858.209599152i,1.3968638572436978
1505.9999999999998,-5828158.163964533i,1.3969357525089485
1505.9999999999998,-5843690.0369256195i,1.4006585458910707
1505.9999999999998,-5843690.16279443i,1.4006585760602315
1505.9999999999998,1.5745140875608545E-8-5852295.954541972i,1.40272127542984+3.7739110021794314E-15i
1505.9999999999998,1.2600723328056796E-8-5852296.235207679i,1.4027213427018579+3.0202339108213674E-15i
1505.9999999999998,-2.384194665900872E-9-5853815.447115716i,1.4030854785695315-5.714612877754296E-16i
1505.9999999999998,-3.2755298304532584E-8-5855084.67689855i,1.4033896968854918-7.851030462524655E-15i
1505.9999999999998,-2.1786882929404626E-8-5856234.344739i,1.4036652577170017-5.222040110028391E-15i
1505.9999999999998,5.862647120443025E-9-5857669.682858939i,1.4040092900991494+1.4052023188951218E-15i
1507,-5823703.7533910815i,1.3967949579076424
1507,-5824004.271859393i,1.3968670362102265
1507,-5839541.375692963i,1.400593556173159
1507,-5839541.501865562i,1.4005935864352153
1507,-5848158.355696629i,1.4026603086611273
1507,2.5233548121775146E-9-5848158.636085075i,1.4026603759113148+6.052178180610914E-16i
1507,-1.322716425605654E-9-5849674.227875234i,1.403023885296473-3.1724890417919696E-16i
1507,-1.6340225592013672E-8-5850945.950795189i,1.4033289035868375-3.919145905165244E-15i
1507,8.884260948767431E-9-5852096.156371447i,1.4036047763677186+2.1308588869665974E-15i
1507,1.1077838267244352E-8-5853534.345655464i,1.4039497210327456+2.6569807276328587E-15i
1507.9999999999998,-5819554.626803947i,1.3967260153062635
1507.9999999999998,-5819855.710022576i,1.3967982769811165
1507.9999999999998,-5835398.039947606i,1.4005285240424254
1507.9999999999998,-5835398.166423827i,1.4005285543974337
1507.9999999999998,-5844026.088162731i,1.402599304398688
1507.9999999999998,-5844026.368274433i,1.4025993716270801
1507.9999999999998,-5845538.333835556i,1.402962251910692
1507.9999999999998,-5846812.553164006i,1.4032680717541992
1507.9999999999998,-1.6325561497666424E-9-5847963.29459935i,1.4035442562051934-3.918227067282611E-16i
1507.9999999999998,-1.3640793742577426E-9-5849404.338838572i,1.403890114970546-3.27386762587161E-16i
1509,-5815410.819245894i,1.3966570294404772
1509,-5815712.467862387i,1.3967294748228827
1509,-5831260.019103654i,1.4004634494992438
1509,-5831260.14588333i,1.4004634799472606
1509,-5839899.141350278i,1.4025382626446903
1509,-5839899.421185667i,1.402538329851303
1509,-5841407.754407179i,1.402900578411558
1509,-5842684.473417887i,1.4032072013890828
1509,-1.4922232789565546E-9-5843835.748832001i,1.4034836972291742-3.583795189760379E-16i
1509,-1.091503308281209E-9-5845279.651820073i,1.4038304719147126-2.6214068370257776E-16i
1510,-5811272.320153106i,1.3965880003111937
1510,-5811574.534815169i,1.396660629736783
1510,-5827127.302603265i,1.4003983325439902
1510,-5827127.429686229i,1.4003983630850716
1510,-5835777.504697169i,1.402477183401266
1510,-5835777.784256757i,1.4024772505861343
1510,-5837282.479028644i,1.4028388647984402
1510,-5838561.700997798i,1.403146292493002
1510,-1.197672623109484E-9-5839713.508506476i,1.4034230994393413-2.8782943245238725E-16i
1510,-8.863206870583138E-10-5841160.2740396755i,1.40377079186737-2.1300410095746495E-16i
1510.9999999999998,-5807139.118989702i,1.396518927919318
1510.9999999999998,-5807441.9003452035i,1.39659174172407
1510.9999999999998,-5822999.8799165515i,1.4003331731770414
1510.9999999999998,-5823000.0073026335i,1.400333203811244
1510.9999999999998,-5831661.167669309i,1.402416066670557
1510.9999999999998,-5831661.446953607i,1.4024161338337158
1510.9999999999998,-5833162.497166439i,1.4027771110707037
1510.9999999999998,-5834444.225372633i,1.4030853450674656
1510.9999999999998,-8.670240184226615E-10-5835596.563087899i,1.4033624628353976-2.0850464021577736E-16i
1510.9999999999998,-5837046.194965097i,1.4037110748306572
1512,-5803011.205247651i,1.396449812265748
1512,-5803314.553944614i,1.396522810785989
1512,-5818877.74054148i,1.4002679713987751
1512,-5818877.868230512i,1.4002680021261542
1512,-5827550.119760444i,1.4023549124546995
1512,-5827550.398769962i,1.4023549795961843
1512,-5829047.798314902i,1.4027153172277105
1512,-5830332.03603914i,1.4030243591139806
1512,-5831484.902069243i,1.4033017874170397
1512,-5832937.404091905i,1.4036513208067094
1513,-5798888.568446679i,1.396380653351377
1513,-5799192.485133288i,1.3964538369237811
1513,-5814760.874003798i,1.4002027272095714
1513,-5814761.001995608i,1.4002027580301821
1513,-5823444.350492087i,1.4022937207558273
1513,-5823444.629227335i,1.4022937878756732
1513,-5824938.371996141i,1.4026534832688204
1513,-5826225.122521838i,1.4029633346340544
1513,-5827378.514971244i,1.4032410731839613
1513,-5828833.89094343i,1.40359152979766
1513.9999999999998,-5794771.198134181i,1.3963114511770922
1513.9999999999998,-5795075.683458779i,1.3963848201386808
1513.9999999999998,-5810649.269856928i,1.4001374406098106
1513.9999999999998,-5810649.398151347i,1.4001374715237087
1513.9999999999998,-5819343.849413414i,1.402232491576068
1513.9999999999998,-5819344.1278749i,1.40223255867431
1513.9999999999998,-5820834.2077599345i,1.4025916091933908
1513.9999999999998,-5822123.4743729215i,1.4029022716291937
1513.9999999999998,-5823277.391342314i,1.4031803201358526
1513.9999999999998,-5824735.645070677i,1.4035317018056397
1515,-5790659.083885119i,1.3962422057437747
1515,-5790964.138496202i,1.3963157604319165
1515,-5806542.917681875i,1.4000721115998747
1515,-5806543.04627873i,1.4000721426071148
1515,-5815248.606101167i,1.4021712249175449
1515,-5815248.8842894i,1.4021712919942186
1515,-5816735.295183635i,1.4025296950007753
1515,-5818027.081172154i,1.4028411701009031
1515,-5819181.520758428i,1.4031195282723972
1515,-5820642.656052214i,1.4034718368327759
1516,-5786552.215301943i,1.3961729170523005
1516,-5786857.839848165i,1.3962466578047115
1516,-5802441.807087145i,1.4000067401801468
1516,-5802441.9359862665i,1.4000067712807844
1516,-5811158.610159581i,1.4021099207823766
1516,-5811158.888075067i,1.4021099878375178
1516,-5812641.623872092i,1.4024677406903265
1516,-5813935.932526802i,1.4027800300506874
1516,-5815090.892823055i,1.4030586975932762
1516,-5816554.913494107i,1.403411934881194
1516.9999999999998,-1.5105884522187292E-9-5782450.582014488i,1.396103585103538-3.64713528260515E-16i
1516.9999999999998,-5782756.777144662i,1.3961775122582822
1516.9999999999998,-5798345.927708648i,1.3999413263510119
1516.9999999999998,-5798346.05690986i,1.3999413575451005
1516.9999999999998,-5807073.851220275i,1.4020485791726776
1516.9999999999998,-5807074.128863523i,1.4020486462063215
1516.9999999999998,-5808553.183457548i,1.4024057462613924
1516.9999999999998,-5809850.018071524i,1.40271885148005
1516.9999999999998,-5811005.497167058i,1.402997828098165
1516.9999999999998,-5812472.407029811i,1.4033519959530159
1518,-2.4060915992486247E-9-5778354.173679898i,1.3960342098983516-5.813050020367603E-16i
1518,-1.2388205970985931E-9-5778660.9400429875i,1.3961083237938394-2.9929559204830836E-16i
1518,-5794255.269209609i,1.3998758701128555
1518,-5794255.398712738i,1.3998759014004494
1518,-5802994.318942173i,1.4019872000905562
1518,-5802994.596313691i,1.4019872671027394
1518,-5804469.963599555i,1.4023437117133195
1518,-5805769.327468289i,1.4026576343904928
1518,-5806925.323448604i,1.4029369197867352
1518,-5808395.12632009i,1.4032920200503618
1519,-3.748925459283242E-9-5774262.979982522i,1.395964791437599-9.063265675681567E-16i
1519,-1.5328258264610093E-9-5774570.318227647i,1.396039092412588-3.7057039011969017E-16i
1519,-5790169.821280477i,1.3998103714660648
1519,-5790169.95108535i,1.399810402847218
1519,-5798920.003011412i,1.401925783538118
1519,-5798920.280111703i,1.4019258505288754
1519,-5800391.953984884i,1.402281637045451
1519,-5801693.850406287i,1.4025963787835183
1519,-5802850.361353075i,1.4028759726586544
1519,-5804323.061052919i,1.4032320071753486
1519.9999999999998,-5.737660430245114E-9-5770176.99063384i,1.3958953297221324-1.3880290693181749E-15i
1519.9999999999998,-2.309156549681401E-9-5770484.901410271i,1.3959698181157276-5.586207924868983E-16i
1519.9999999999998,-5786089.573638841i,1.3997448304110285
1519.9999999999998,-5786089.703745281i,1.3997448618857948
1519.9999999999998,-5794850.89314125i,1.4018643295174629
1519.9999999999998,-5794851.169970822i,1.4018643964868307
1519.9999999999998,-5796319.144327434i,1.4022195222571274
1519.9999999999998,-5797623.576601841i,1.402535084660627
1519.9999999999998,-5798780.600592984i,1.4028149867135857
1519.9999999999998,-5800256.200943405i,1.4031719573300907
1521,-2.145346746475767E-8-5766096.1953723505i,1.3958258247527966-5.193341023660969E-15i
1521,-2.9275731718895034E-9-5766404.679329521i,1.3959005009044512-7.086913049519364E-16i
1521,-5782014.516029333i,1.3996792469481363
1521,-5782014.646437164i,1.399679278516569
1521,-5790786.979071979i,1.401802838030686
1521,-5790787.255631338i,1.4018029049787009
1521,-5792251.524368146i,1.4021573673476875
1521,-5793558.49579831i,1.4024737520233195
1521,-5794716.030907872i,1.4027539619511875
1521,-5796194.535733686i,1.4031118705166998
1521.9999999999998,-7.390268525957414E-8-5762020.583963547i,1.3957562765304414-1.7901730009535996E-14i
1521.9999999999998,1.5394888316554477E-8-5762329.641750925i,1.395831140779928+3.729162657648016E-15i
1521.9999999999998,-5777944.638223546i,1.39961362107778
1521.9999999999998,-5777944.768932593i,1.3996136527399323
1521.9999999999998,-5786728.250570836i,1.4017413090798778
1521.9999999999998,-5786728.526860485i,1.401741376006576
1521.9999999999998,-5788189.083874912i,1.402095172316466
1521.9999999999998,-5789498.59776601i,1.4024123808730948
1521.9999999999998,-5790656.642064234i,1.4026928983711138
1521.9999999999998,-5792138.055192852i,1.4030517467372854
1523,-1.0952879025292166E-7-5757950.146199662i,1.3956866850558836-2.6549009683103388E-14i
1523,-5758259.778467059i,1.3957617377433673
1523,-5773879.930019936i,1.3995479528003514
1523,-5773880.061030021i,1.3995479845562762
1523,-5782674.697431908i,1.4016797426671244
1523,-5782674.973452352i,1.401679809572542
1523,-5784131.812642477i,1.402032937162795
1523,-5785443.872302113i,1.4023509712114506
1523,-5786602.423855419i,1.402631795973014
1523,-5788086.749116845i,1.4029915859939526
1524,-1.5745963120900762E-7-5753884.871899805i,1.3956170503299592-3.8192169455312844E-14i
1524,-3.0625619308866475E-8-5754195.079297101i,1.3956922917959327-7.428309296403445E-15i
1524,-5769820.381243749i,1.3994822421162447
1524,-5769820.512554695i,1.399482273965995
1524,-5778626.30947606i,1.4016181387945073
1524,-5778626.585227802i,1.4016182056786806
1524,-5780079.700492375i,1.401970661886005
1524,-5781394.309230574i,1.4022895230398849
1524,-5782553.366101553i,1.402570654756534
1524,-5784040.607328389i,1.402931388288806
1524.9999999999998,-2.176245608430096E-7-5749824.750909728i,1.3955473723534901-5.2819937511311544E-14i
1524.9999999999998,-8.310645469089621E-8-5750135.534086955i,1.395622802938793-2.0170874677727277E-14i
1524.9999999999998,-5765765.981746921i,1.3994164890258558
1524.9999999999998,-5765766.113358549i,1.3994165209694833
1524.9999999999998,-5774583.07655083i,1.4015564974641024
1524.9999999999998,-5774583.352034374i,1.4015565643270682
1524.9999999999998,-5776032.737272818i,1.4019083464854232
1524.9999999999998,-5777349.898402036i,1.402228036359894
1524.9999999999998,-5778509.4586494425i,1.402509474721315
1524.9999999999998,-5779999.619676885i,1.4028711536239462
1526,-2.872561876456386E-7-5745769.773101768i,1.395477651127291-6.976603759588475E-14i
1526,-1.6835949624954663E-7-5746081.132709111i,1.3955532711731107-4.088954546545665E-14i
1526,-5761716.721407992i,1.3993506935295807
1526,-5761716.853320122i,1.3993507255671382
1526,-5770544.988530348i,1.4014948186779819
1526,-5770545.263746197i,1.401494885519777
1526,-5771990.912858615i,1.4018459909603735
1526,-5773310.629693735i,1.4021665111729738
1526,-5774470.691372486i,1.4024482558669926
1526,-5775963.776038328i,1.4028108820014713
1527,-3.587865284095564E-7-5741719.928374773i,1.3954078866521715-8.719574580659863E-14i
1527,-3.028827767000233E-7-5742031.865062568i,1.3954836965000421-7.360947949579861E-14i
1527,-5757672.590132026i,1.3992848556278188
1527,-5757672.722344479i,1.399284887759358
1527,-5766512.035315256i,1.4014331024382132
1527,-5766512.310263911i,1.4014331692588744
1527,-5767954.217151094i,1.4017835953101783
1527,-5769276.493009429i,1.4021049474806198
1527,-5770437.054170599i,1.4023869981932007
1527,-5771933.066315229i,1.4027505734234775
1527.9999999999998,-4.191228769129801E-7-5737675.206654i,1.3953380789289325-1.0192596981242676E-13i
1527.9999999999998,-5.121966549556057E-7-5737987.7210727325i,1.3954140789207352-1.245604658365386E-13i
1527.9999999999998,-5753633.577850514i,1.3992189753209687
1527.9999999999998,-5753633.71036311i,1.3992190075465416
1527.9999999999998,-5762484.206832606i,1.4013713487468578
1527.9999999999998,-5762484.48151457i,1.401371415546422
1527.9999999999998,-5763922.6400780035i,1.4017211595341559
1527.9999999999998,-5765247.478279298i,1.4020433452843257
1527.9999999999998,-5766408.536970113i,1.4023257016995663
1527.9999999999998,-5767907.480436514i,1.402690227892057
1529,-4.4780788092651526E-7-5733635.597891033i,1.395268227958369-1.0897311100760432E-13i
1529,-8.359322194784594E-7-5733948.690691331i,1.3953444184363302-2.0342235683656413E-13i
1529,-5749599.674521294i,1.3991530526094316
1529,-5749599.80733385i,1.3991530849290892
1529,-5758461.493035786i,1.4013095576059735
1529,-5758461.767451559i,1.4013096243844778
1529,-5759896.171593429i,1.4016586836316227
1529,-5761223.5754598575i,1.401981704585584
1529,-5762385.129723692i,1.402264366385712
1529,-5763887.008357447i,1.4026298454093
1530,-4.150863808804972E-7-5729601.092063704i,1.3951983337412692-1.0107646547424327E-13i
1530,-1.33392065031946E-6-5729914.763896328i,1.3952747150479583-3.248190997531471E-13i
1530,-5745570.870128471i,1.3990870874936105
1530,-5745571.003240807i,1.3990871199074044
1530,-5754443.883904436i,1.401247729017614
1530,-5754444.158054519i,1.4012477957750957
1530,-5755874.801677716i,1.4015961676018929
1530,-5757204.774533888i,1.4019200253858881
1530,-5758366.822410262i,1.4022029922512587
1530,-5759871.640059546i,1.4025694259772947
1530.9999999999998,-2.8090338272065983E-7-5725571.679175992i,1.395128396278413-6.844666485786727E-14i
1530.9999999999998,-2.0947222687234897E-6-5725885.93069182i,1.3952049687567385-5.104130527335334E-13i
1530.9999999999998,-5741547.154682315i,1.399021079973909
1530.9999999999998,-5741547.288094249i,1.3990211124818903
1530.9999999999998,-5750431.369444348i,1.401185862983827
1530.9999999999998,-5750431.643329241i,1.401185929720323
1530.9999999999998,-5751858.520337369i,1.4015336114442767
1530.9999999999998,-5753191.065510333i,1.40185830768673
1530.9999999999998,-5754353.6050349i,1.4021415792958198
1530.9999999999998,-5755861.365550485i,1.4025089695981248
1532,6.937961942016426E-9-5721547.349257945i,1.3950584155705728+1.6916511571600763E-15i
1532,-3.2459068345730107E-6-5721862.181107949i,1.3951351795637774-7.914344440960374E-13i
1532,-5737528.518219189i,1.3989550300507325
1532,-5737528.651930537i,1.3989550626529519
1532,-5746423.939687391i,1.4011239595066554
1532,-5746424.213307594i,1.4011240262222033
1532,-5747847.31760498i,1.401471015158083
1532,-5749182.438424214i,1.4017965514895994
1532,-5750345.467628766i,1.402080127519006
1532,-5751856.174864024i,1.4024484762738727
1533,5.138748788241403E-7-5717528.092365594i,1.3949883916185133+1.253775196419636E-13i
1533,-4.966325139465829E-6-5717843.50520081i,1.3950653474701658-1.2117064938970191E-12i
1533,-5733514.950801458i,1.3988889377244884
1533,-5733515.084812039i,1.3988889704209966
1533,-5742421.584691426i,1.4010620185881384
1533,-5742421.858047437i,1.4010620852827758
1533,-5743841.1835391335i,1.401408378742617
1533,-5745178.883336556i,1.401734756795987
1533,-5746342.400249014i,1.4020186369204235
1533,-5747856.058059911i,1.4023879460066184
1533.9999999999998,1.3223004290002494E-6-5713513.898580866i,1.394918324422991+3.228312963871447E-13i
1533.9999999999998,-7.498544569349795E-6-5713829.893052352i,1.394995472476976-1.830722286137533E-12i
1533.9999999999998,-5729506.442517411i,1.398822802995585
1533.9999999999998,-5729506.576827038i,1.3988228357864319
1533.9999999999998,-5738424.294540218i,1.4010000402303093
1533.9999999999998,-5738424.567632536i,1.4010001069040736
1533.9999999999998,-5739840.108224329i,1.4013457021971816
1533.9999999999998,-5741180.390334299i,1.401672923607382
1533.9999999999998,-5742344.392978706i,1.4019571074996735
1533.9999999999998,-5743861.005223807i,1.4023273787984378
1535,2.5315014353804775E-6-5709504.7580114985i,1.3948482139847533+6.184529841901898E-13i
1535,-1.1162771137316794E-5-5709821.334770274i,1.394925554585258-2.7270966649355627E-12i
1535,-5725502.983481166i,1.3987566258644315
1535,-5725503.118089657i,1.398756658749668
1535,-5734432.059343355i,1.4009380244351977
1535,-5734432.332172478i,1.4009380910881266
1535,-5735844.081770889i,1.4012829855210764
1535,-5737186.949530207i,1.4016110519252725
1535,-5738351.435926729i,1.401895539256353
1535,-5739871.006467194i,1.402266774651405
1536,4.25937123678386E-6-5705500.660790952i,1.3947780603045397+1.0412543797575791E-12i
1536,-1.636751526076668E-5-5705817.820487936i,1.394855593796036-4.001235394520542E-12i
1536,-5721504.563832595i,1.3986904063314405
1536,-5721504.698739765i,1.3986904393111161
1536,-5730444.869236158i,1.4008759712048275
1536,-5730445.141802583i,1.400876037836959
1536,-5731853.094314888i,1.4012202287136
1536,-5733198.55106279i,1.401549141751146
1536,-5734363.51922771i,1.4018339321900553
1536,-5735886.051927296i,1.4022061335675915
1536.9999999999998,6.637630317005389E-6-5701501.597078319i,1.3947078633830772+1.6237047450975497E-12i
1536.9999999999998,-2.3620361185676864E-5-5701819.340364239i,1.3947855901103023-5.778039858568756E-12i
1536.9999999999998,-5717511.173737237i,1.3986241443970244
1536.9999999999998,-5717511.308942899i,1.3986241774711885
1536.9999999999998,-5726462.714379604i,1.4008138805412185
1536.9999999999998,-5726462.986683828i,1.40081394715259
1536.9999999999998,-5727867.136018052i,1.4011574317740467
1536.9999999999998,-5729215.185096221i,1.4014871930864896
1536.9999999999998,-5730380.633041931i,1.4017722863003685
1536.9999999999998,-5731906.1317669945i,1.4021454555490656
1538,9.79120296067269E-6-5697507.557058226i,1.394637623221079+2.396693622394822E-12i
1538,-3.354631667051311E-5-5697825.884583511i,1.3947155435290073-8.211477541829252E-12i
1538,-5713522.803386211i,1.3985578400615977
1538,-5713522.93889018i,1.3985578732303
1538,-5722485.584960236i,1.4007517524463846
1538,-5722485.857002757i,1.4007518190370352
1538,-5723886.197067682i,1.4010945947017077
1538,-5725236.841820248i,1.4014252059327894
1538,-5726402.767555246i,1.4017106015868759
1538,-5727931.236174739i,1.4020847405978925
1538.9999999999998,1.3776881559872025E-5-5693518.530940754i,1.3945673398192444+3.3745018943112064E-12i
1538.9999999999998,-4.693875121783042E-5-5693837.443355365i,1.394645454053046-1.1497152255596697E-11i
1538.9999999999998,-5709539.4429961415i,1.3984914933255768
1538.9999999999998,-5709539.57879823i,1.3984915265888667
1538.9999999999998,-5718513.47119009i,1.4006895869223372
1538.9999999999998,-5718513.742971402i,1.4006896534923041
1538.9999999999998,-5719910.26767658i,1.401031717495874
1538.9999999999998,-5721263.511450115i,1.40136318029153
1538.9999999999998,-5722429.912979003i,1.401648878049158
1538.9999999999998,-5723961.355364476i,1.4020239887161365
1540,1.8420491002728598E-5-5689534.5089613665i,1.394497013178261+4.514836783944794E-12i
1540,-6.49040995645773E-5-5689854.006914462i,1.3945753216832197-1.590790474040907E-11i
1540,-5705561.0828090655i,1.398425104189379
1540,-5705561.2189090885i,1.3984251375473058
1540,-5714546.363306597i,1.40062738397108
1540,-5714546.634827196i,1.4006274505204022
1540,-5715939.3380829515i,1.4009688001558311
1540,-5717295.184226476i,1.4013011161641964
1540,-5718462.059549953i,1.4015871156867896
1540,-5719996.479575553i,1.401963199905857
1541,2.29468392229819E-5-5685555.481380955i,1.3944266432988364+5.627890554723576E-12i
1541,-8.919892162100223E-5-5685875.565520162i,1.3945051464201705-2.1876728363512402E-11i
1541,-5701587.713092361i,1.3983586726534236
1541,-5701587.849490128i,1.3983587061060356
1541,-5710584.251572517i,1.400565143594614
1541,-5710584.522832896i,1.4005652101233288
1541,-5711973.398550334i,1.4009058426808634
1541,-5713331.850415317i,1.4012390135522717
1541,-5714499.197530174i,1.4015253144993407
1541,-5716036.599072648i,1.401902374169112
1541.9999999999998,2.5236113110284414E-5-5681581.438486096i,1.394356230181782+6.1933692092378746E-12i
1541.9999999999998,-1.22862553719905E-4-5681902.109455918i,1.3944349282642525-3.015254979448846E-11i
1541.9999999999998,-5697619.324138657i,1.3982921987181318
1541.9999999999998,-5697619.4608339835i,1.3982922322654783
1541.9999999999998,-5706627.126275847i,1.4005028657949348
1541.9999999999998,-5706627.397276501i,1.4005029323030813
1541.9999999999998,-5708012.439367513i,1.4008428450702528
1541.9999999999998,-5709373.500307873i,1.401176872457239
1541.9999999999998,-5710541.317206988i,1.401463474486379
1541.9999999999998,-5712081.70414568i,1.4018415115079566
1543,-4.228633761118572E-9-5677612.370623938i,1.394285773836601-1.0384512909684351E-15i
1543,-3.265948808373816E-9-5677933.629162973i,1.394364667248384-8.0203889669449E-16i
1543,-5693655.906265749i,1.3982256823839256
1543,-5693656.0432584435i,1.3982257160260543
1543,-5702674.977729734i,1.4004405505740323
1543,-5702675.248471158i,1.400440617061649
1543,-5704056.450848428i,1.4007798073232773
1543,-5705420.124220533i,1.4011146928805804
1543,-5706588.40889287i,1.401401595647465
1543,-5708131.785109721i,1.4017806119244423
1544,-6.781101636659881E-9-5673648.268066613i,1.3942152742482163-1.6663555848664716E-15i
1544,-5.200282751163626E-9-5673970.114763835i,1.3942943633210725-1.2778926890638083E-15i
1544,-5689697.4498165315i,1.3981591236512296
1544,-5689697.587106407i,1.398159157388189
1544,-5698727.796272414i,1.400378197933893
1544,-5698728.066755099i,1.4003782644010185
1544,-5700105.423332111i,1.4007167294392135
1544,-5701471.712494786i,1.4010524748237771
1544,-5702640.462925385i,1.401339677982157
1544,-5704186.832304937i,1.4017196754206194
1544.9999999999998,-9.502256081516044E-9-5669689.121204726i,1.3941447314244901-2.3365514350947353E-15i
1544.9999999999998,-9.378505592621538E-9-5670011.556713028i,1.3942240165061786-2.3061218844764785E-15i
1544.9999999999998,-5685743.9451589i,1.3980925225204686
1544.9999999999998,-5685744.082745766i,1.3980925563523068
1544.9999999999998,-5694785.572267106i,1.4003158078764975
1544.9999999999998,-5694785.842491547i,1.4003158743231707
1544.9999999999998,-5696159.347182592i,1.4006536114173347
1544.9999999999998,-5697528.255497112i,1.4009902182883098
1544.9999999999998,-5698697.469667088i,1.4012777214900078
1544.9999999999998,-5700246.83609648i,1.401658701998534
1546,-1.2216659182952023E-8-5665734.920424623i,1.3940741453661187-3.0059522637226715E-15i
1546,-1.7140858923682886E-8-5666057.945397032i,1.3941536268047436-4.2175690515862594E-15i
1546,-5681795.382685683i,1.3980258789920705
1546,-5681795.52056935i,1.398025912918835
1546,-5690848.296101949i,1.400253380403822
1546,-5690848.566068637i,1.4002534468300818
1546,-5692218.212788822i,1.4005904532569111
1546,-5693589.743618918i,1.4009279232756577
1546,-5694759.4195054555i,1.401215726170566
1546,-5696311.786874423i,1.4015976916602302
1547,-1.4088780909689322E-8-5661785.656137485i,1.3940035160737936-3.4688367448192467E-15i
1547,-2.7676250485220884E-8-5662109.271227165i,1.3940831942178045-6.814244274032986E-15i
1547,-5677851.752814554i,1.397959193066464
1547,-5677851.890994832i,1.397959227088203
1547,-5686915.958189914i,1.4001909155178378
1547,-5686916.22789934i,1.400190981923723
1547,-5688282.010564589i,1.4005272549572112
1547,-5689656.167276451i,1.4008655897873008
1547,-5690826.302852799i,1.401153692023376
1547,-5692381.675053679i,1.4015366444077497
1547.9999999999998,-1.2316420570464606E-8-5657841.318779238i,1.393932843548198-3.0344193449079536E-15i
1547.9999999999998,-3.6685240895335164E-8-5658165.5246394975i,1.394012718746392-9.03821073732741E-15i
1547.9999999999998,-5673913.045987953i,1.3978924647440802
1547.9999999999998,-5673913.184464651i,1.3978924988608405
1547.9999999999998,-5682988.548968723i,1.4001284132205114
1547.9999999999998,-5682988.81842138i,1.4001284796060613
1547.9999999999998,-5684350.730948444i,1.4004640165175004
1547.9999999999998,-5685727.516910717i,1.400803217824716
1547.9999999999998,-5686898.110146185i,1.4010916190479774
1547.9999999999998,-5688456.491073914i,1.4014755602431306
1549,-5.622903206110035E-9-5653901.898810484i,1.3938621277900094-1.3862199888672863E-15i
1549,-3.6163490707202586E-8-5654226.69609478i,1.3939422003915316-8.915421775545958E-15i
1549,-5669979.252673013i,1.3978256940253506
1549,-5669979.391445939i,1.39782572823718
1549,-5679066.058900775i,1.4000658735138043
1549,-5679066.328097152i,1.400065939879058
1549,-5680424.36440362i,1.4004007379370413
1549,-5681803.782987411i,1.400740807389382
1549,-5682974.831847362i,1.4010295072439056
1549,-5684536.225399473i,1.401414439168409
1550,-9.686963564029324E-9-5649967.386716416i,1.3937913687998995-2.3896786089715633E-15i
1550,-1.7527631860346083E-8-5650292.776078343i,1.3938716391542416-4.323894339618545E-15i
1550,-5666050.363361465i,1.3977588809107095
1550,-5666050.502430428i,1.3977589152176544
1550,-5675148.478473056i,1.4000032963996727
1550,-5675148.747413642i,1.4000033627446693
1550,-5676502.901417942i,1.4003374192150937
1550,-5677884.955996816i,1.4006783584827742
1550,-5679056.458442666i,1.400967356610691
1550,1.0374262941552078E-9-5680620.868519291i,1.401353281185617+2.5592286036184335E-16i
